policy_id,policy_type,sum_insured,annual_premium,premium_to_coverage_ratio,waiting_period_months,pre_existing_disease_waiting_period_months,copayment_percentage,room_rent_limit_present,icu_limit_present,disease_sub_limit_count,exclusion_count,restoration_benefit_present,no_claim_bonus_present,child_coverage_present,maternity_coverage_present,claim_process_clarity_score,ambiguous_clause_count,risk_flags_count,coverage_clarity_score,risk_label
CW-0001,Senior Citizen,300000,14900,0.0497,3,12,0,1,0,2,21,1,1,1,0,38,2,3,95,Strong Coverage
CW-0002,Senior Citizen,2500000,55800,0.0223,48,24,20,1,0,3,13,1,1,0,0,83,0,4,68,Moderate Coverage
CW-0003,Senior Citizen,300000,14700,0.049,36,0,30,0,0,4,22,0,1,1,1,64,3,6,28,High Risk
CW-0004,Group Health,500000,8500,0.017,24,24,0,0,0,3,5,1,1,0,1,83,1,2,100,Strong Coverage
CW-0005,Senior Citizen,1000000,46500,0.0465,0,12,20,0,0,0,21,0,1,0,0,93,0,3,66,Moderate Coverage
CW-0006,Individual Health,1500000,41500,0.0277,12,48,0,1,0,1,5,0,0,1,0,89,2,4,57,Caution Required
CW-0007,Family Floater,5000000,106700,0.0213,36,0,10,1,0,3,13,1,1,1,0,68,6,5,60,Moderate Coverage
CW-0008,Family Floater,500000,15600,0.0312,4,48,10,1,0,2,19,0,1,1,1,81,4,6,37,High Risk
CW-0009,Individual Health,1000000,31500,0.0315,1,0,15,0,0,2,7,1,1,0,0,89,6,2,82,Strong Coverage
CW-0010,Critical Illness,1000000,32000,0.032,12,24,0,0,1,0,13,1,1,0,1,42,1,2,90,Strong Coverage
CW-0011,Group Health,500000,10500,0.021,4,36,0,1,0,2,18,1,1,1,1,90,1,3,85,Strong Coverage
CW-0012,Family Floater,300000,7700,0.0257,1,0,0,1,0,0,9,1,1,1,0,44,2,2,100,Strong Coverage
CW-0013,Individual Health,300000,10200,0.034,3,12,0,0,0,5,8,1,0,0,0,93,1,2,97,Strong Coverage
CW-0014,Senior Citizen,5000000,94400,0.0189,4,12,30,0,0,3,4,1,1,0,0,42,6,4,46,Caution Required
CW-0015,Group Health,500000,11600,0.0232,3,36,0,0,0,2,22,1,1,1,0,68,1,2,91,Strong Coverage
CW-0016,Individual Health,2500000,24500,0.0098,4,36,0,0,1,1,21,0,1,1,0,79,4,5,52,Caution Required
CW-0017,Family Floater,700000,13100,0.0187,36,24,10,0,0,0,20,1,1,0,1,49,4,5,66,Moderate Coverage
CW-0018,Individual Health,1500000,35300,0.0235,6,12,10,0,0,0,4,1,1,0,1,51,2,2,91,Strong Coverage
CW-0019,Individual Health,5000000,110000,0.022,12,48,0,1,0,5,20,1,1,0,0,40,1,5,61,Moderate Coverage
CW-0020,Group Health,1000000,25800,0.0258,1,24,15,0,0,2,7,0,1,1,0,57,4,4,50,Caution Required
CW-0021,Individual Health,2000000,57400,0.0287,12,12,0,0,1,4,18,1,0,0,0,64,1,4,85,Moderate Coverage
CW-0022,Individual Health,2000000,28200,0.0141,1,24,0,0,0,4,13,0,1,0,0,68,0,2,91,Strong Coverage
CW-0023,Family Floater,2000000,37300,0.0186,36,0,0,0,0,3,3,1,0,0,0,60,1,3,83,Strong Coverage
CW-0024,Top-up Health,2000000,48100,0.024,1,24,5,0,0,3,20,1,1,0,0,57,2,3,85,Strong Coverage
CW-0025,Family Floater,300000,4400,0.0147,3,36,15,0,0,1,9,1,0,0,0,45,1,4,67,Moderate Coverage
CW-0026,Senior Citizen,2000000,31300,0.0157,3,24,0,1,1,0,18,1,0,0,0,59,3,6,59,Moderate Coverage
CW-0027,Family Floater,1000000,10300,0.0103,0,0,15,1,0,3,17,1,1,0,0,94,3,5,67,Moderate Coverage
CW-0028,Family Floater,5000000,118800,0.0238,36,36,20,0,0,3,18,1,0,0,0,97,2,6,40,Caution Required
CW-0029,Family Floater,1500000,19200,0.0128,6,24,20,1,1,1,7,0,1,1,0,88,0,4,59,Moderate Coverage
CW-0030,Family Floater,300000,9300,0.031,48,36,0,0,0,1,16,1,0,0,0,97,1,4,73,Moderate Coverage
CW-0031,Family Floater,2500000,39400,0.0158,12,12,20,0,0,2,15,1,1,1,0,94,1,2,83,Strong Coverage
CW-0032,Family Floater,1000000,19200,0.0192,6,36,0,0,0,4,18,1,1,0,0,43,3,5,71,Moderate Coverage
CW-0033,Individual Health,300000,10100,0.0337,3,0,10,1,0,0,9,1,1,0,0,49,3,4,73,Moderate Coverage
CW-0034,Top-up Health,500000,11400,0.0228,4,48,10,0,0,3,5,1,0,1,0,73,4,5,54,Caution Required
CW-0035,Group Health,300000,4800,0.016,12,24,0,0,1,1,18,1,0,0,0,54,2,4,77,Moderate Coverage
CW-0036,Top-up Health,1500000,35800,0.0239,36,36,0,0,0,0,10,0,1,0,0,94,2,3,77,Moderate Coverage
CW-0037,Family Floater,300000,6100,0.0203,6,12,0,0,0,0,22,0,1,1,0,45,1,3,83,Strong Coverage
CW-0038,Family Floater,1000000,26000,0.026,24,36,15,1,0,3,12,0,1,1,0,77,1,6,45,Caution Required
CW-0039,Individual Health,1500000,19000,0.0127,3,24,0,0,0,0,9,0,1,0,0,71,6,2,73,Moderate Coverage
CW-0040,Family Floater,2000000,22400,0.0112,0,48,0,1,1,0,7,0,0,1,1,71,2,5,51,Caution Required
CW-0041,Family Floater,300000,4000,0.0133,24,0,20,0,1,2,4,1,0,0,1,66,0,4,68,Moderate Coverage
CW-0042,Senior Citizen,1000000,51300,0.0513,12,36,25,1,0,1,21,0,1,0,0,61,2,5,37,High Risk
CW-0043,Senior Citizen,700000,16300,0.0233,36,0,0,0,0,1,4,1,0,0,0,64,5,3,84,Strong Coverage
CW-0044,Family Floater,1000000,18300,0.0183,36,12,10,0,0,0,8,0,1,0,0,91,0,3,78,Strong Coverage
CW-0045,Senior Citizen,1500000,55400,0.0369,24,36,0,1,0,0,11,1,1,0,0,37,6,5,65,Moderate Coverage
CW-0046,Group Health,300000,8400,0.028,2,36,5,0,0,6,16,0,1,1,0,77,1,4,63,Moderate Coverage
CW-0047,Group Health,2000000,35900,0.018,24,24,10,0,0,0,5,1,1,0,0,100,4,3,72,Moderate Coverage
CW-0048,Senior Citizen,5000000,161900,0.0324,3,48,0,0,0,3,9,1,1,0,0,97,0,2,94,Strong Coverage
CW-0049,Senior Citizen,1000000,47900,0.0479,4,48,0,0,0,4,6,1,1,0,0,72,2,2,84,Strong Coverage
CW-0050,Family Floater,5000000,172100,0.0344,3,36,5,0,0,1,7,0,1,0,0,99,1,2,76,Moderate Coverage
CW-0051,Family Floater,1500000,45400,0.0303,48,36,20,0,0,0,20,1,0,0,0,65,2,5,46,Caution Required
CW-0052,Group Health,2500000,18200,0.0073,24,36,0,0,0,6,18,0,1,0,0,47,4,7,42,Caution Required
CW-0053,Individual Health,5000000,32200,0.0064,2,36,20,0,1,3,11,1,0,0,0,83,5,6,40,Caution Required
CW-0054,Senior Citizen,5000000,281700,0.0563,0,48,0,0,0,6,5,1,1,0,0,91,0,2,88,Strong Coverage
CW-0055,Top-up Health,300000,4600,0.0153,0,24,0,0,0,1,8,1,1,0,0,65,2,0,100,Strong Coverage
CW-0056,Individual Health,5000000,122500,0.0245,24,24,10,0,0,0,20,1,1,0,0,89,3,4,74,Moderate Coverage
CW-0057,Group Health,1000000,35000,0.035,24,0,0,0,0,6,12,1,0,1,1,41,5,5,67,Moderate Coverage
CW-0058,Group Health,1500000,42700,0.0285,3,48,20,1,1,0,7,0,0,0,0,91,0,6,31,High Risk
CW-0059,Critical Illness,500000,19400,0.0388,6,36,0,1,0,6,19,1,1,1,0,96,6,5,59,Moderate Coverage
CW-0060,Critical Illness,2000000,70400,0.0352,24,0,0,0,0,3,15,0,0,0,0,36,1,6,52,Caution Required
CW-0061,Family Floater,1500000,34400,0.0229,6,0,10,0,0,5,13,0,1,1,0,73,3,4,62,Moderate Coverage
CW-0062,Individual Health,300000,4400,0.0147,24,0,0,0,1,1,20,1,0,1,0,47,4,6,64,Moderate Coverage
CW-0063,Family Floater,1500000,10400,0.0069,6,12,0,0,0,0,14,1,0,1,0,59,6,3,79,Strong Coverage
CW-0064,Individual Health,1000000,24600,0.0246,48,0,0,1,0,3,9,1,0,1,0,64,1,4,77,Moderate Coverage
CW-0065,Critical Illness,300000,5100,0.017,2,12,5,0,1,4,7,1,0,1,0,57,1,4,77,Moderate Coverage
CW-0066,Critical Illness,500000,16600,0.0332,24,36,15,0,1,1,22,1,0,0,0,93,3,7,32,High Risk
CW-0067,Individual Health,5000000,152900,0.0306,12,0,0,0,1,0,22,1,1,0,0,76,1,2,100,Strong Coverage
CW-0068,Family Floater,5000000,103300,0.0207,12,0,15,1,0,4,20,0,1,1,1,78,4,6,46,Caution Required
CW-0069,Family Floater,500000,7500,0.015,6,24,0,1,0,0,5,1,1,0,0,42,2,2,96,Strong Coverage
CW-0070,Family Floater,500000,9000,0.018,12,0,30,0,0,2,9,1,1,0,0,82,0,1,82,Strong Coverage
CW-0071,Family Floater,2500000,76300,0.0305,48,48,10,0,0,2,11,1,1,0,0,79,0,3,74,Moderate Coverage
CW-0072,Family Floater,2500000,20000,0.008,0,0,15,1,0,0,14,1,1,0,0,41,0,3,88,Strong Coverage
CW-0073,Individual Health,500000,6900,0.0138,12,36,10,0,1,1,14,1,1,0,0,74,0,3,82,Strong Coverage
CW-0074,Top-up Health,300000,1900,0.0063,4,12,15,0,0,0,18,0,1,0,0,99,2,3,75,Moderate Coverage
CW-0075,Group Health,500000,8800,0.0176,0,36,0,0,0,2,21,1,1,1,0,76,0,2,97,Strong Coverage
CW-0076,Family Floater,2000000,17100,0.0086,1,12,0,0,1,4,13,1,0,1,0,100,1,3,87,Strong Coverage
CW-0077,Family Floater,700000,9000,0.0129,2,24,0,0,0,2,8,0,1,1,0,92,3,2,85,Strong Coverage
CW-0078,Senior Citizen,2000000,111800,0.0559,6,12,0,0,0,3,21,1,1,0,0,42,1,3,91,Strong Coverage
CW-0079,Individual Health,500000,11900,0.0238,36,36,0,0,0,5,17,0,1,1,0,99,0,5,57,Caution Required
CW-0080,Family Floater,2000000,69000,0.0345,1,48,10,1,0,6,19,1,1,1,0,87,3,6,55,Caution Required
CW-0081,Family Floater,2000000,15800,0.0079,1,48,10,1,0,2,22,0,1,0,1,79,1,5,56,Caution Required
CW-0082,Senior Citizen,2500000,43800,0.0175,1,24,5,0,0,0,19,1,1,0,1,74,1,1,100,Strong Coverage
CW-0083,Family Floater,5000000,57800,0.0116,2,12,0,0,1,3,19,1,1,0,1,83,0,3,91,Strong Coverage
CW-0084,Group Health,700000,18800,0.0269,0,36,0,0,0,2,17,1,1,0,0,59,1,3,88,Strong Coverage
CW-0085,Top-up Health,5000000,141600,0.0283,12,48,5,0,0,3,7,0,1,0,0,48,3,5,55,Caution Required
CW-0086,Group Health,1500000,12600,0.0084,2,24,0,0,0,0,10,0,0,0,0,85,2,2,76,Moderate Coverage
CW-0087,Family Floater,500000,8400,0.0168,0,24,25,0,0,3,7,1,0,1,0,95,2,3,56,Caution Required
CW-0088,Top-up Health,300000,4000,0.0133,2,48,25,0,0,3,10,1,1,0,0,93,0,3,64,Moderate Coverage
CW-0089,Family Floater,300000,7300,0.0243,48,12,10,1,1,1,21,1,1,1,0,43,5,7,54,Caution Required
CW-0090,Family Floater,300000,5200,0.0173,24,0,10,0,0,0,5,1,0,0,0,77,0,3,84,Strong Coverage
CW-0091,Family Floater,700000,21100,0.0301,24,36,10,0,1,3,17,1,1,0,0,75,5,7,46,Caution Required
CW-0092,Family Floater,5000000,66700,0.0133,3,24,0,0,0,0,6,0,1,1,0,84,1,1,89,Strong Coverage
CW-0093,Family Floater,5000000,83300,0.0167,36,24,20,0,1,2,8,1,1,1,0,74,2,3,72,Moderate Coverage
CW-0094,Individual Health,5000000,81000,0.0162,0,24,10,0,0,3,4,1,1,0,0,55,5,4,65,Moderate Coverage
CW-0095,Group Health,5000000,35000,0.007,1,12,15,0,0,2,22,1,1,1,0,44,2,3,83,Strong Coverage
CW-0096,Family Floater,2000000,49700,0.0249,3,0,0,1,0,5,6,1,1,1,0,71,3,3,90,Strong Coverage
CW-0097,Individual Health,700000,21500,0.0307,24,12,20,0,1,2,13,0,0,0,0,73,4,6,40,Caution Required
CW-0098,Individual Health,2000000,41500,0.0208,1,12,15,1,0,1,21,1,0,0,0,46,0,5,66,Moderate Coverage
CW-0099,Top-up Health,5000000,106200,0.0212,12,48,0,0,0,1,19,1,0,0,0,58,3,5,54,Caution Required
CW-0100,Family Floater,300000,9000,0.03,36,12,0,1,0,0,19,0,0,1,0,70,0,5,64,Moderate Coverage
CW-0101,Senior Citizen,500000,18500,0.037,2,48,25,1,0,3,22,1,0,1,0,45,0,7,34,High Risk
CW-0102,Critical Illness,1500000,44800,0.0299,48,36,10,1,0,2,12,1,0,0,0,44,3,7,39,Caution Required
CW-0103,Family Floater,5000000,97300,0.0195,6,48,0,0,0,6,14,0,1,1,0,75,1,3,66,Moderate Coverage
CW-0104,Individual Health,1000000,10100,0.0101,0,24,25,0,0,6,8,0,0,0,0,55,2,5,40,Caution Required
CW-0105,Family Floater,1500000,30600,0.0204,1,36,5,0,1,1,4,1,1,0,0,71,2,2,85,Strong Coverage
CW-0106,Family Floater,1500000,40600,0.0271,12,24,0,1,0,1,12,1,1,0,0,50,0,2,93,Strong Coverage
CW-0107,Family Floater,2000000,44400,0.0222,6,12,0,0,0,0,7,0,0,1,1,100,0,2,90,Strong Coverage
CW-0108,Family Floater,2500000,86800,0.0347,4,48,0,0,0,3,12,1,1,1,1,88,2,2,90,Strong Coverage
CW-0109,Individual Health,5000000,68500,0.0137,48,48,0,1,0,1,22,0,1,0,0,49,1,6,51,Caution Required
CW-0110,Family Floater,700000,12600,0.018,3,36,5,0,0,4,4,0,1,1,0,96,2,3,72,Moderate Coverage
CW-0111,Top-up Health,5000000,162300,0.0325,6,48,0,0,0,2,11,1,1,1,0,63,5,2,78,Strong Coverage
CW-0112,Critical Illness,1000000,31200,0.0312,24,24,0,0,0,3,12,1,1,0,0,79,5,3,77,Moderate Coverage
CW-0113,Family Floater,1500000,50600,0.0337,1,24,25,0,0,0,20,1,1,1,1,65,1,2,80,Strong Coverage
CW-0114,Top-up Health,1000000,24500,0.0245,0,0,0,0,1,3,3,0,0,1,0,95,2,4,66,Moderate Coverage
CW-0115,Critical Illness,1500000,27600,0.0184,0,0,10,1,0,4,4,0,1,0,0,39,6,6,47,Caution Required
CW-0116,Critical Illness,700000,27900,0.0399,4,0,0,0,1,6,12,1,1,0,0,52,4,4,81,Moderate Coverage
CW-0117,Individual Health,500000,7800,0.0156,24,24,10,1,0,0,9,1,0,0,0,100,1,4,72,Moderate Coverage
CW-0118,Senior Citizen,700000,43400,0.062,24,24,25,1,0,1,11,0,1,0,1,81,3,5,35,High Risk
CW-0119,Senior Citizen,5000000,134100,0.0268,12,48,25,0,0,3,12,1,1,0,0,93,3,4,53,Caution Required
CW-0120,Family Floater,5000000,139800,0.028,3,12,10,0,0,1,19,0,1,1,1,99,1,3,80,Strong Coverage
CW-0121,Individual Health,2000000,61600,0.0308,24,0,10,0,0,5,17,0,1,0,0,42,2,6,59,Moderate Coverage
CW-0122,Group Health,300000,5200,0.0173,0,12,5,1,0,0,4,0,1,0,1,87,0,2,88,Strong Coverage
CW-0123,Critical Illness,2500000,50600,0.0202,12,36,20,0,0,2,20,1,0,1,0,85,2,4,53,Caution Required
CW-0124,Group Health,300000,10300,0.0343,24,48,0,0,0,1,7,1,0,0,1,88,2,3,68,Moderate Coverage
CW-0125,Individual Health,500000,4500,0.009,0,36,10,0,1,3,15,1,1,0,0,52,2,6,55,Caution Required
CW-0126,Individual Health,2000000,45500,0.0227,6,12,0,1,0,0,12,1,1,0,0,57,2,2,98,Strong Coverage
CW-0127,Family Floater,300000,10300,0.0343,12,48,0,0,1,1,20,1,0,1,0,94,5,5,56,Caution Required
CW-0128,Family Floater,2500000,55400,0.0222,2,36,0,1,0,5,14,1,0,1,0,40,4,6,50,Caution Required
CW-0129,Group Health,1000000,19900,0.0199,6,24,30,1,0,6,6,0,0,0,0,61,1,5,32,High Risk
CW-0130,Family Floater,1500000,25600,0.0171,36,24,0,0,0,1,18,0,1,1,0,40,2,4,67,Moderate Coverage
CW-0131,Critical Illness,300000,4900,0.0163,48,48,15,1,1,0,21,0,1,0,0,67,3,8,23,High Risk
CW-0132,Top-up Health,5000000,96800,0.0194,6,12,0,0,1,4,4,1,0,1,0,41,3,5,70,Moderate Coverage
CW-0133,Individual Health,1000000,8000,0.008,2,0,0,0,1,2,22,0,1,1,0,87,0,3,87,Strong Coverage
CW-0134,Critical Illness,1500000,11700,0.0078,12,12,0,1,1,0,19,1,1,0,1,86,2,3,88,Strong Coverage
CW-0135,Top-up Health,1000000,14700,0.0147,1,0,0,0,0,0,3,0,1,0,0,77,2,1,90,Strong Coverage
CW-0136,Group Health,300000,3800,0.0127,48,36,0,0,0,0,20,1,1,0,0,61,2,3,83,Strong Coverage
CW-0137,Top-up Health,1500000,16100,0.0107,3,48,20,0,0,0,7,0,0,1,0,79,0,4,46,Caution Required
CW-0138,Individual Health,500000,7900,0.0158,48,48,0,0,1,0,17,1,1,0,0,83,0,4,79,Moderate Coverage
CW-0139,Family Floater,1000000,26700,0.0267,1,24,0,0,0,3,13,1,1,0,0,69,0,1,100,Strong Coverage
CW-0140,Individual Health,5000000,110800,0.0222,36,36,0,1,0,2,13,0,1,0,0,66,2,4,62,Moderate Coverage
CW-0141,Senior Citizen,700000,12600,0.018,4,24,0,1,0,1,18,0,1,0,0,98,2,3,74,Moderate Coverage
CW-0142,Family Floater,700000,10400,0.0149,12,24,20,0,0,1,16,0,0,0,1,76,2,4,47,Caution Required
CW-0143,Family Floater,700000,23800,0.034,6,24,15,0,0,3,13,1,0,1,1,60,2,3,74,Moderate Coverage
CW-0144,Individual Health,300000,10100,0.0337,24,12,0,1,0,4,16,0,1,0,0,54,3,7,51,Caution Required
CW-0145,Individual Health,5000000,114400,0.0229,36,48,25,0,0,0,14,0,0,0,0,48,3,7,18,High Risk
CW-0146,Senior Citizen,700000,31200,0.0446,0,48,30,0,0,3,16,1,1,1,0,63,2,4,47,Caution Required
CW-0147,Family Floater,700000,11200,0.016,0,36,0,0,0,0,7,1,1,0,0,79,2,1,98,Strong Coverage
CW-0148,Critical Illness,5000000,91500,0.0183,4,0,20,1,0,2,8,0,0,0,0,77,2,4,55,Caution Required
CW-0149,Individual Health,2500000,60700,0.0243,2,36,0,0,0,1,16,1,0,1,0,43,2,4,73,Moderate Coverage
CW-0150,Individual Health,2000000,23400,0.0117,1,24,10,0,0,0,15,1,1,0,0,57,4,4,69,Moderate Coverage
CW-0151,Top-up Health,500000,12700,0.0254,6,0,0,1,0,0,15,1,1,0,0,57,2,3,92,Strong Coverage
CW-0152,Family Floater,700000,10600,0.0151,24,48,0,0,1,0,15,0,1,1,0,88,3,6,47,Caution Required
CW-0153,Family Floater,500000,11200,0.0224,3,24,0,1,0,3,21,0,0,1,1,49,1,6,55,Caution Required
CW-0154,Group Health,2000000,43400,0.0217,0,36,5,0,1,4,10,1,0,1,0,46,2,5,59,Moderate Coverage
CW-0155,Critical Illness,1000000,14500,0.0145,48,24,20,0,0,2,9,0,0,0,0,56,1,5,43,Caution Required
CW-0156,Family Floater,1500000,50400,0.0336,36,0,0,0,0,0,11,0,1,0,1,76,4,3,81,Strong Coverage
CW-0157,Family Floater,700000,15900,0.0227,4,36,0,1,0,3,15,1,1,0,0,97,1,4,72,Moderate Coverage
CW-0158,Group Health,500000,13600,0.0272,24,24,20,0,0,6,9,1,1,1,0,51,2,4,66,Moderate Coverage
CW-0159,Critical Illness,300000,2600,0.0087,24,0,0,0,0,0,16,1,0,1,0,55,4,5,66,Moderate Coverage
CW-0160,Individual Health,2000000,26500,0.0132,6,12,0,0,0,3,16,0,0,1,0,51,2,5,64,Moderate Coverage
CW-0161,Senior Citizen,300000,3400,0.0113,6,0,30,0,1,0,15,1,0,1,0,73,0,4,54,Caution Required
CW-0162,Senior Citizen,700000,10100,0.0144,48,0,10,1,0,0,7,0,1,0,0,47,0,5,61,Moderate Coverage
CW-0163,Family Floater,2500000,40500,0.0162,12,24,15,1,0,0,22,1,1,0,0,73,1,3,82,Strong Coverage
CW-0164,Family Floater,2500000,36400,0.0146,0,12,0,1,0,2,19,0,1,1,0,84,4,4,73,Moderate Coverage
CW-0165,Family Floater,700000,19700,0.0281,1,0,10,1,1,5,15,1,1,1,0,86,0,5,78,Moderate Coverage
CW-0166,Family Floater,700000,9800,0.014,4,0,5,1,0,2,15,1,0,0,0,74,3,4,74,Moderate Coverage
CW-0167,Individual Health,500000,16400,0.0328,1,36,10,1,0,2,8,1,0,0,0,79,2,4,64,Moderate Coverage
CW-0168,Individual Health,700000,19400,0.0277,4,0,15,1,0,0,5,1,0,0,0,100,1,3,79,Strong Coverage
CW-0169,Group Health,700000,11700,0.0167,4,0,20,0,1,3,3,1,0,1,0,84,5,5,47,Caution Required
CW-0170,Top-up Health,300000,6600,0.022,12,12,0,0,0,0,5,1,1,0,1,63,4,1,95,Strong Coverage
CW-0171,Top-up Health,500000,15700,0.0314,4,24,0,0,1,0,21,0,0,1,0,98,6,5,47,Caution Required
CW-0172,Critical Illness,1000000,12400,0.0124,12,0,0,1,0,4,13,1,1,0,0,48,1,3,90,Strong Coverage
CW-0173,Family Floater,300000,10300,0.0343,2,24,0,0,0,1,14,1,0,0,0,85,0,1,100,Strong Coverage
CW-0174,Individual Health,700000,9000,0.0129,4,24,25,0,0,0,17,1,1,1,0,48,0,3,67,Moderate Coverage
CW-0175,Family Floater,2000000,35600,0.0178,36,24,30,1,0,0,6,1,0,1,0,40,1,5,44,Caution Required
CW-0176,Individual Health,1000000,34100,0.0341,12,48,0,1,0,0,15,0,1,0,0,48,4,6,40,Caution Required
CW-0177,Individual Health,300000,9000,0.03,3,12,0,0,0,5,5,1,1,0,1,43,1,2,100,Strong Coverage
CW-0178,Family Floater,700000,6100,0.0087,6,0,0,0,1,2,15,1,1,1,0,58,1,3,94,Strong Coverage
CW-0179,Group Health,300000,7100,0.0237,48,12,10,0,0,1,5,1,1,1,0,66,2,2,95,Strong Coverage
CW-0180,Critical Illness,2500000,86000,0.0344,6,36,5,0,0,1,15,1,1,0,1,70,0,2,95,Strong Coverage
CW-0181,Family Floater,1000000,34200,0.0342,1,12,10,1,0,5,4,0,0,1,0,84,1,5,55,Caution Required
CW-0182,Individual Health,2000000,58800,0.0294,6,48,0,0,0,2,21,0,0,0,0,74,0,4,55,Caution Required
CW-0183,Individual Health,1000000,23400,0.0234,0,48,0,1,0,3,13,0,0,0,0,37,0,6,43,Caution Required
CW-0184,Critical Illness,2000000,81300,0.0406,6,36,10,1,0,6,16,0,0,0,0,80,1,7,40,Caution Required
CW-0185,Group Health,2500000,37200,0.0149,4,12,0,1,0,2,21,1,1,0,0,63,2,2,93,Strong Coverage
CW-0186,Top-up Health,700000,10900,0.0156,1,12,0,1,0,6,13,1,1,1,1,67,3,3,83,Strong Coverage
CW-0187,Individual Health,5000000,136200,0.0272,2,36,0,0,0,0,18,0,1,0,0,92,0,3,71,Moderate Coverage
CW-0188,Family Floater,2000000,27100,0.0135,1,0,0,0,1,0,5,1,0,0,0,90,5,3,76,Moderate Coverage
CW-0189,Senior Citizen,2500000,47500,0.019,1,24,0,1,0,3,20,1,1,1,1,97,0,3,90,Strong Coverage
CW-0190,Individual Health,500000,7300,0.0146,48,36,0,1,1,0,5,1,1,0,0,68,0,4,82,Moderate Coverage
CW-0191,Family Floater,2000000,63400,0.0317,6,12,0,1,0,0,11,1,1,0,1,79,4,2,94,Strong Coverage
CW-0192,Top-up Health,1000000,22100,0.0221,12,48,0,0,0,1,10,1,1,0,0,99,2,1,95,Strong Coverage
CW-0193,Group Health,700000,6600,0.0094,24,12,25,1,1,0,4,1,0,1,0,53,4,7,32,High Risk
CW-0194,Family Floater,500000,4300,0.0086,36,36,5,0,0,5,3,0,1,1,0,88,0,4,73,Moderate Coverage
CW-0195,Family Floater,500000,16400,0.0328,48,0,15,0,0,4,11,1,1,0,1,70,1,3,86,Strong Coverage
CW-0196,Senior Citizen,2500000,32100,0.0128,6,12,0,0,0,1,13,0,1,0,0,47,6,3,70,Moderate Coverage
CW-0197,Individual Health,5000000,142200,0.0284,6,24,15,0,1,1,16,0,0,0,0,100,3,6,34,High Risk
CW-0198,Family Floater,2500000,24800,0.0099,36,48,0,1,0,4,10,1,1,1,1,82,4,5,63,Moderate Coverage
CW-0199,Family Floater,500000,12900,0.0258,3,24,0,0,0,1,20,1,1,0,0,46,1,2,96,Strong Coverage
CW-0200,Individual Health,1000000,30900,0.0309,3,12,0,0,1,3,3,1,1,1,0,63,1,2,98,Strong Coverage
CW-0201,Senior Citizen,1500000,49400,0.0329,12,24,0,1,0,1,22,1,1,0,0,82,2,2,97,Strong Coverage
CW-0202,Senior Citizen,1500000,69800,0.0465,24,0,0,1,0,0,12,1,1,1,1,86,3,3,93,Strong Coverage
CW-0203,Individual Health,300000,7500,0.025,4,24,25,0,0,2,21,0,1,0,0,95,5,4,48,Caution Required
CW-0204,Family Floater,1500000,45800,0.0305,36,12,0,0,0,3,20,0,1,0,0,46,1,5,66,Moderate Coverage
CW-0205,Critical Illness,1500000,32700,0.0218,6,24,0,1,0,1,21,1,1,0,0,50,4,4,76,Moderate Coverage
CW-0206,Family Floater,2500000,18900,0.0076,2,12,30,1,0,5,17,1,0,1,1,77,2,5,43,Caution Required
CW-0207,Family Floater,300000,1800,0.006,4,12,15,1,0,1,5,1,1,1,0,96,1,2,84,Strong Coverage
CW-0208,Family Floater,2000000,67100,0.0336,6,48,0,0,0,0,14,1,1,1,0,43,4,3,73,Moderate Coverage
CW-0209,Top-up Health,5000000,135500,0.0271,48,48,0,0,0,0,18,1,1,0,0,86,0,3,80,Strong Coverage
CW-0210,Critical Illness,700000,10200,0.0146,0,48,5,1,0,3,15,0,1,0,1,41,3,7,43,Caution Required
CW-0211,Group Health,300000,7800,0.026,12,36,0,0,0,0,3,1,1,0,0,52,1,2,87,Strong Coverage
CW-0212,Family Floater,500000,7100,0.0142,1,36,0,1,0,1,9,1,1,1,0,61,3,3,82,Strong Coverage
CW-0213,Family Floater,300000,1900,0.0063,1,0,20,0,1,0,19,1,0,0,0,93,6,5,47,Caution Required
CW-0214,Individual Health,300000,2700,0.009,2,0,20,0,0,1,6,1,0,1,0,56,1,3,74,Moderate Coverage
CW-0215,Top-up Health,1500000,47200,0.0315,1,24,20,1,0,6,11,0,0,0,0,56,0,6,34,High Risk
CW-0216,Top-up Health,700000,6300,0.009,48,36,20,0,1,1,14,1,0,0,0,51,2,6,43,Caution Required
CW-0217,Individual Health,2500000,46900,0.0188,1,24,10,1,0,1,21,0,1,0,0,47,2,5,55,Caution Required
CW-0218,Family Floater,2500000,25800,0.0103,36,48,0,0,1,4,18,0,1,1,1,70,0,6,49,Caution Required
CW-0219,Family Floater,2500000,44200,0.0177,3,0,0,0,0,4,17,1,0,0,1,86,1,3,90,Strong Coverage
CW-0220,Family Floater,500000,14500,0.029,48,24,20,0,0,1,13,1,1,1,0,95,3,3,69,Moderate Coverage
CW-0221,Senior Citizen,500000,7900,0.0158,3,0,0,0,0,0,19,1,1,0,0,87,0,1,100,Strong Coverage
CW-0222,Individual Health,500000,16500,0.033,12,12,0,0,0,0,16,1,1,0,0,92,2,1,100,Strong Coverage
CW-0223,Top-up Health,700000,23800,0.034,0,48,15,0,0,2,19,0,0,0,0,51,0,6,41,Caution Required
CW-0224,Senior Citizen,2000000,74200,0.0371,12,36,30,0,0,0,13,0,1,1,0,100,1,3,52,Caution Required
CW-0225,Group Health,1000000,11800,0.0118,48,24,10,0,1,3,8,1,0,1,1,80,2,5,66,Moderate Coverage
CW-0226,Family Floater,2500000,63900,0.0256,36,24,20,0,1,0,15,1,1,1,0,55,6,6,47,Caution Required
CW-0227,Individual Health,300000,7800,0.026,4,12,15,1,0,0,20,0,0,0,0,71,3,6,37,High Risk
CW-0228,Top-up Health,2500000,45200,0.0181,6,48,0,0,1,4,17,0,0,0,0,60,3,7,31,High Risk
CW-0229,Family Floater,700000,24200,0.0346,1,12,30,0,1,0,11,1,1,0,0,77,2,2,69,Moderate Coverage
CW-0230,Individual Health,2000000,46600,0.0233,48,24,0,0,0,3,13,1,0,0,0,55,1,4,79,Moderate Coverage
CW-0231,Family Floater,2000000,24800,0.0124,3,24,0,1,0,2,18,0,0,0,1,79,2,4,69,Moderate Coverage
CW-0232,Senior Citizen,1000000,60900,0.0609,6,36,25,0,0,2,12,1,1,0,0,100,2,2,64,Moderate Coverage
CW-0233,Family Floater,1000000,15300,0.0153,1,0,0,0,0,0,5,1,1,1,0,48,1,1,100,Strong Coverage
CW-0234,Senior Citizen,500000,24900,0.0498,2,0,0,1,1,0,11,1,1,1,0,84,2,2,98,Strong Coverage
CW-0235,Family Floater,300000,5200,0.0173,1,48,0,0,1,3,4,0,1,0,1,73,2,4,60,Moderate Coverage
CW-0236,Critical Illness,5000000,102400,0.0205,0,36,0,1,0,3,20,1,1,0,0,82,5,5,57,Caution Required
CW-0237,Family Floater,700000,6700,0.0096,0,48,10,0,0,0,14,1,0,0,1,58,1,4,62,Moderate Coverage
CW-0238,Individual Health,700000,17800,0.0254,48,0,20,0,0,1,20,1,1,0,0,97,5,4,62,Moderate Coverage
CW-0239,Individual Health,1000000,8900,0.0089,48,0,25,1,0,2,12,0,1,0,0,89,0,4,57,Caution Required
CW-0240,Individual Health,1000000,26700,0.0267,12,24,20,1,0,4,17,1,0,0,0,45,4,7,31,High Risk
CW-0241,Group Health,1000000,13600,0.0136,1,0,20,0,0,4,21,1,1,0,0,95,3,4,63,Moderate Coverage
CW-0242,Family Floater,1000000,31900,0.0319,48,24,0,0,1,1,3,0,0,0,0,56,3,6,45,Caution Required
CW-0243,Family Floater,700000,15700,0.0224,48,12,15,0,0,0,18,1,1,1,0,81,1,3,84,Strong Coverage
CW-0244,Group Health,300000,10300,0.0343,6,0,10,0,0,4,11,1,1,1,0,44,2,3,86,Strong Coverage
CW-0245,Top-up Health,1000000,21000,0.021,6,24,0,0,0,1,7,1,1,0,0,54,1,1,100,Strong Coverage
CW-0246,Senior Citizen,500000,22700,0.0454,12,24,15,0,0,0,8,0,1,1,0,55,0,3,73,Moderate Coverage
CW-0247,Individual Health,700000,5300,0.0076,4,12,5,0,0,2,12,0,1,0,0,96,0,1,99,Strong Coverage
CW-0248,Senior Citizen,700000,30300,0.0433,36,24,0,0,0,2,5,1,1,1,0,99,3,2,88,Strong Coverage
CW-0249,Senior Citizen,700000,24900,0.0356,48,48,0,0,0,0,18,0,0,0,1,90,2,5,49,Caution Required
CW-0250,Group Health,2500000,31600,0.0126,24,36,0,0,0,4,21,1,1,1,1,45,1,5,73,Moderate Coverage
CW-0251,Family Floater,1000000,6200,0.0062,0,48,5,0,0,0,13,1,1,1,0,68,4,2,82,Strong Coverage
CW-0252,Family Floater,1500000,52100,0.0347,12,12,0,0,0,1,20,1,0,1,0,85,3,3,88,Strong Coverage
CW-0253,Individual Health,1000000,19000,0.019,2,0,0,0,0,2,4,1,0,1,0,53,2,2,96,Strong Coverage
CW-0254,Family Floater,500000,6800,0.0136,6,0,10,0,0,1,19,1,0,1,0,57,3,5,66,Moderate Coverage
CW-0255,Individual Health,1500000,17500,0.0117,48,48,5,1,1,0,10,0,0,1,0,86,1,6,45,Caution Required
CW-0256,Family Floater,1000000,21000,0.021,1,0,5,0,0,2,14,0,1,0,1,86,2,1,93,Strong Coverage
CW-0257,Individual Health,500000,11100,0.0222,36,24,0,1,0,0,20,0,1,0,0,96,3,5,60,Moderate Coverage
CW-0258,Top-up Health,5000000,128800,0.0258,48,0,0,1,0,3,10,0,1,0,0,36,3,6,56,Caution Required
CW-0259,Individual Health,500000,8800,0.0176,6,0,5,1,0,0,21,1,0,0,0,98,3,4,74,Moderate Coverage
CW-0260,Critical Illness,1500000,21600,0.0144,3,12,20,0,0,0,5,0,1,0,0,40,4,4,54,Caution Required
CW-0261,Senior Citizen,5000000,288400,0.0577,48,24,0,0,0,0,10,0,1,0,0,39,2,3,77,Moderate Coverage
CW-0262,Group Health,700000,13500,0.0193,1,48,0,0,1,0,21,1,1,0,1,68,1,3,82,Strong Coverage
CW-0263,Top-up Health,2000000,33200,0.0166,24,36,0,0,0,4,11,1,1,0,0,47,3,5,64,Moderate Coverage
CW-0264,Family Floater,2500000,29200,0.0117,2,36,20,1,0,6,19,1,1,1,0,41,1,6,45,Caution Required
CW-0265,Individual Health,1500000,29700,0.0198,1,36,15,1,0,2,11,1,1,0,0,60,2,3,77,Moderate Coverage
CW-0266,Senior Citizen,700000,43300,0.0619,4,24,0,0,0,1,5,1,1,0,0,56,3,2,91,Strong Coverage
CW-0267,Family Floater,2500000,76500,0.0306,1,0,0,1,0,0,11,1,1,0,0,81,3,2,98,Strong Coverage
CW-0268,Top-up Health,2500000,27100,0.0108,0,12,15,0,0,3,5,1,1,1,0,95,2,2,82,Strong Coverage
CW-0269,Critical Illness,500000,5400,0.0108,48,12,0,0,0,0,12,1,1,0,0,39,3,3,88,Strong Coverage
CW-0270,Group Health,5000000,171400,0.0343,36,24,5,1,0,2,21,1,1,0,0,74,5,4,75,Moderate Coverage
CW-0271,Family Floater,500000,9400,0.0188,6,36,0,1,1,4,7,1,1,1,0,96,1,4,78,Moderate Coverage
CW-0272,Critical Illness,1000000,34900,0.0349,36,24,0,0,0,0,15,0,1,1,0,69,1,3,81,Strong Coverage
CW-0273,Group Health,2500000,28600,0.0114,1,12,0,1,0,1,22,1,1,1,0,37,1,3,88,Strong Coverage
CW-0274,Family Floater,700000,18700,0.0267,0,12,0,1,1,1,18,0,1,0,0,53,0,5,71,Moderate Coverage
CW-0275,Individual Health,5000000,56300,0.0113,4,36,20,1,0,0,17,1,0,1,0,47,2,6,39,Caution Required
CW-0276,Family Floater,1500000,49700,0.0331,2,0,15,0,1,1,12,1,0,0,1,49,1,4,71,Moderate Coverage
CW-0277,Family Floater,700000,20300,0.029,48,0,0,1,0,2,18,0,1,0,1,98,0,4,81,Moderate Coverage
CW-0278,Family Floater,300000,2300,0.0077,2,48,15,1,0,6,14,0,1,1,0,80,3,6,34,High Risk
CW-0279,Group Health,5000000,132500,0.0265,36,24,5,0,0,2,13,0,1,0,0,55,0,3,77,Moderate Coverage
CW-0280,Family Floater,1500000,32600,0.0217,24,0,15,0,0,4,22,0,0,1,0,84,1,6,51,Caution Required
CW-0281,Family Floater,700000,16600,0.0237,6,36,10,1,0,0,7,1,1,1,1,39,2,4,71,Moderate Coverage
CW-0282,Senior Citizen,1500000,20000,0.0133,3,48,10,1,0,2,5,1,1,0,0,88,4,4,57,Caution Required
CW-0283,Group Health,1500000,32000,0.0213,1,24,0,1,0,0,10,1,1,1,1,57,2,2,96,Strong Coverage
CW-0284,Family Floater,500000,14100,0.0282,48,24,10,0,0,0,8,1,1,0,0,91,5,3,75,Moderate Coverage
CW-0285,Family Floater,2000000,61000,0.0305,12,36,20,1,0,2,15,0,0,1,0,92,5,7,13,High Risk
CW-0286,Critical Illness,1500000,41900,0.0279,36,12,30,1,0,0,13,1,0,0,0,100,2,4,57,Caution Required
CW-0287,Individual Health,300000,5800,0.0193,2,12,0,0,0,0,12,1,1,0,0,76,3,1,99,Strong Coverage
CW-0288,Family Floater,500000,11600,0.0232,4,0,15,0,1,0,13,1,0,1,0,64,3,4,70,Moderate Coverage
CW-0289,Top-up Health,2500000,18900,0.0076,36,0,0,0,0,3,7,1,0,0,0,99,0,3,90,Strong Coverage
CW-0290,Family Floater,2500000,25700,0.0103,6,0,0,0,0,0,15,1,0,1,1,60,2,2,97,Strong Coverage
CW-0291,Family Floater,1000000,13000,0.013,4,36,0,0,1,2,16,1,1,1,0,74,0,3,86,Strong Coverage
CW-0292,Senior Citizen,5000000,216700,0.0433,24,0,25,1,0,0,5,1,1,0,0,71,0,3,70,Moderate Coverage
CW-0293,Family Floater,5000000,33300,0.0067,3,48,0,0,0,2,22,0,1,0,1,40,1,4,58,Moderate Coverage
CW-0294,Family Floater,1500000,11300,0.0075,0,0,0,1,0,2,6,1,0,0,1,83,2,2,88,Strong Coverage
CW-0295,Top-up Health,5000000,155700,0.0311,36,0,0,0,0,5,3,1,0,0,0,55,0,4,87,Moderate Coverage
CW-0296,Family Floater,1500000,19300,0.0129,36,24,20,0,0,5,3,0,0,1,0,85,3,6,29,High Risk
CW-0297,Critical Illness,1000000,21700,0.0217,48,12,0,1,0,1,7,1,1,0,0,52,1,3,95,Strong Coverage
CW-0298,Top-up Health,2500000,87200,0.0349,2,48,25,1,0,5,6,1,0,1,1,75,4,6,29,High Risk
CW-0299,Top-up Health,1500000,28300,0.0189,4,12,15,1,1,3,22,1,1,0,0,64,3,6,57,Caution Required
CW-0300,Individual Health,5000000,49400,0.0099,48,36,10,0,0,1,7,1,1,0,0,69,5,4,62,Moderate Coverage
CW-0301,Critical Illness,1000000,33600,0.0336,1,12,25,0,0,1,13,0,0,0,0,83,3,4,47,Caution Required
CW-0302,Senior Citizen,300000,11400,0.038,24,36,20,1,0,1,15,0,1,0,0,41,1,7,33,High Risk
CW-0303,Family Floater,1500000,42700,0.0285,4,36,0,1,0,2,7,1,1,1,0,58,3,4,76,Moderate Coverage
CW-0304,Individual Health,2500000,38500,0.0154,0,12,0,0,0,4,5,1,0,0,0,50,0,3,91,Strong Coverage
CW-0305,Senior Citizen,500000,19100,0.0382,12,48,10,1,0,0,8,0,1,0,0,53,0,5,48,Caution Required
CW-0306,Family Floater,1500000,40800,0.0272,24,24,10,1,1,0,22,0,1,1,0,35,2,7,45,Caution Required
CW-0307,Individual Health,5000000,95800,0.0192,24,0,10,1,0,0,20,0,1,1,1,79,0,5,60,Moderate Coverage
CW-0308,Senior Citizen,1500000,42100,0.0281,1,0,0,0,1,0,22,1,1,0,0,81,5,3,80,Strong Coverage
CW-0309,Critical Illness,2000000,40100,0.02,12,0,15,0,1,1,6,0,1,0,0,61,2,3,66,Moderate Coverage
CW-0310,Family Floater,500000,10000,0.02,48,24,0,0,0,2,22,1,1,1,0,98,2,2,90,Strong Coverage
CW-0311,Group Health,1000000,26500,0.0265,3,0,0,0,0,3,9,0,0,1,0,62,0,3,77,Moderate Coverage
CW-0312,Senior Citizen,1500000,78100,0.0521,4,24,5,1,1,2,13,1,1,0,0,59,1,3,88,Strong Coverage
CW-0313,Top-up Health,5000000,162800,0.0326,0,12,0,0,0,2,13,1,0,0,1,73,2,1,100,Strong Coverage
CW-0314,Family Floater,300000,3600,0.012,6,24,0,1,0,0,15,0,0,1,0,49,4,6,45,Caution Required
CW-0315,Senior Citizen,2000000,95700,0.0478,4,36,0,0,0,4,12,1,1,1,0,60,5,3,78,Strong Coverage
CW-0316,Family Floater,5000000,161200,0.0322,2,12,0,0,0,0,13,1,0,0,0,51,1,2,89,Strong Coverage
CW-0317,Family Floater,500000,3100,0.0062,0,48,20,1,0,0,12,1,0,0,1,60,1,4,52,Caution Required
CW-0318,Family Floater,5000000,127300,0.0255,4,12,0,1,0,2,6,1,1,1,1,71,2,1,100,Strong Coverage
CW-0319,Individual Health,2000000,43400,0.0217,0,12,0,0,1,1,5,1,1,0,0,92,2,1,100,Strong Coverage
CW-0320,Family Floater,1000000,26700,0.0267,36,0,30,0,0,0,17,1,1,0,0,95,1,3,65,Moderate Coverage
CW-0321,Individual Health,1500000,48700,0.0325,12,12,10,0,0,4,17,1,1,1,0,56,1,4,80,Moderate Coverage
CW-0322,Senior Citizen,700000,26100,0.0373,12,0,0,0,0,2,15,1,1,1,0,96,1,1,100,Strong Coverage
CW-0323,Individual Health,2500000,71900,0.0288,12,48,15,0,0,2,5,0,0,0,0,94,1,4,44,Caution Required
CW-0324,Group Health,700000,10500,0.015,12,0,10,0,0,4,13,1,1,1,0,35,3,4,81,Moderate Coverage
CW-0325,Individual Health,1500000,26000,0.0173,48,36,0,0,0,2,12,0,0,0,0,46,2,5,57,Caution Required
CW-0326,Top-up Health,2500000,76500,0.0306,4,0,0,0,1,3,14,1,1,1,0,85,2,2,98,Strong Coverage
CW-0327,Family Floater,2500000,54500,0.0218,2,36,0,0,0,1,16,1,0,0,1,44,3,5,58,Moderate Coverage
CW-0328,Critical Illness,5000000,150500,0.0301,2,0,0,0,0,5,22,0,1,0,0,92,1,3,80,Strong Coverage
CW-0329,Individual Health,300000,6800,0.0227,3,48,0,0,0,0,4,1,0,1,0,45,0,3,80,Strong Coverage
CW-0330,Top-up Health,1500000,29200,0.0195,1,48,20,1,0,3,5,0,1,0,0,78,2,5,34,High Risk
CW-0331,Family Floater,5000000,113200,0.0226,6,36,0,0,0,0,22,0,0,1,1,95,2,4,64,Moderate Coverage
CW-0332,Individual Health,1500000,44200,0.0295,48,0,0,1,0,4,11,1,1,0,0,49,2,4,87,Moderate Coverage
CW-0333,Critical Illness,5000000,100300,0.0201,2,24,15,1,1,1,4,1,1,1,0,54,4,5,59,Moderate Coverage
CW-0334,Critical Illness,1000000,30200,0.0302,2,12,5,0,1,0,6,1,1,0,0,64,1,1,100,Strong Coverage
CW-0335,Family Floater,700000,15000,0.0214,12,0,0,0,0,0,19,0,1,0,0,90,2,2,92,Strong Coverage
CW-0336,Group Health,2000000,27700,0.0138,1,24,10,0,0,3,21,0,1,0,0,75,2,4,69,Moderate Coverage
CW-0337,Individual Health,500000,3200,0.0064,1,48,0,0,1,0,9,1,1,1,0,62,5,3,77,Moderate Coverage
CW-0338,Individual Health,500000,4300,0.0086,48,12,0,0,0,3,8,0,0,0,0,44,2,5,60,Moderate Coverage
CW-0339,Critical Illness,2000000,32300,0.0162,1,24,15,0,0,0,11,1,1,0,0,85,0,1,96,Strong Coverage
CW-0340,Individual Health,2500000,30800,0.0123,1,36,10,1,1,2,11,0,1,0,0,35,5,7,38,Caution Required
CW-0341,Family Floater,700000,18400,0.0263,12,48,0,0,0,1,15,0,0,0,0,35,1,5,53,Caution Required
CW-0342,Individual Health,2000000,31300,0.0157,4,36,0,0,0,1,13,1,1,0,0,57,2,2,90,Strong Coverage
CW-0343,Senior Citizen,1500000,70700,0.0471,1,24,0,0,0,0,4,1,0,0,0,43,3,3,84,Strong Coverage
CW-0344,Family Floater,5000000,170200,0.034,0,0,0,1,0,1,9,0,1,1,0,54,3,4,69,Moderate Coverage
CW-0345,Top-up Health,300000,8200,0.0273,24,0,0,0,1,3,7,1,1,0,0,47,2,4,80,Moderate Coverage
CW-0346,Group Health,500000,14900,0.0298,1,0,0,0,0,3,16,1,0,0,0,50,6,5,67,Moderate Coverage
CW-0347,Family Floater,2000000,60500,0.0302,3,0,10,1,1,0,16,1,1,1,1,40,0,5,80,Moderate Coverage
CW-0348,Senior Citizen,700000,8100,0.0116,24,0,0,1,1,2,12,1,0,0,0,61,0,4,81,Moderate Coverage
CW-0349,Family Floater,2500000,32300,0.0129,2,48,10,0,0,2,5,0,0,1,1,65,1,4,56,Caution Required
CW-0350,Top-up Health,2000000,62000,0.031,36,48,0,0,0,0,9,1,1,0,0,98,0,2,94,Strong Coverage
CW-0351,Top-up Health,300000,7400,0.0247,4,12,0,1,0,3,4,1,1,0,0,38,2,3,86,Strong Coverage
CW-0352,Individual Health,1000000,26900,0.0269,48,48,0,1,0,0,6,1,1,0,0,83,4,4,63,Moderate Coverage
CW-0353,Family Floater,5000000,37900,0.0076,12,12,0,0,1,1,17,0,1,0,1,51,0,4,81,Moderate Coverage
CW-0354,Individual Health,700000,6500,0.0093,24,36,0,0,1,0,8,0,1,0,0,64,0,4,72,Moderate Coverage
CW-0355,Family Floater,1000000,23200,0.0232,24,24,0,0,0,0,16,1,0,0,1,35,1,4,71,Moderate Coverage
CW-0356,Individual Health,5000000,136400,0.0273,36,0,0,0,0,3,6,1,1,0,1,87,5,3,81,Strong Coverage
CW-0357,Family Floater,1000000,24800,0.0248,1,0,0,1,0,4,21,1,1,0,0,86,1,3,92,Strong Coverage
CW-0358,Senior Citizen,300000,16700,0.0557,1,36,20,1,1,1,11,0,1,0,0,45,2,6,36,High Risk
CW-0359,Critical Illness,300000,7500,0.025,6,0,0,0,0,1,8,0,0,0,0,52,6,4,58,Moderate Coverage
CW-0360,Family Floater,5000000,136900,0.0274,48,12,15,0,0,5,19,0,1,1,0,97,2,5,52,Caution Required
CW-0361,Family Floater,1500000,28700,0.0191,6,0,0,0,1,1,8,1,0,1,0,53,2,3,83,Strong Coverage
CW-0362,Family Floater,300000,4400,0.0147,36,12,0,0,0,0,9,1,0,1,0,77,1,2,94,Strong Coverage
CW-0363,Senior Citizen,2000000,72400,0.0362,36,48,0,1,1,3,8,0,1,0,0,41,0,7,43,Caution Required
CW-0364,Family Floater,700000,16800,0.024,2,48,0,0,0,3,7,1,1,0,0,91,1,2,84,Strong Coverage
CW-0365,Individual Health,300000,7600,0.0253,6,12,0,0,1,0,3,1,1,1,0,75,0,1,100,Strong Coverage
CW-0366,Top-up Health,2000000,49500,0.0248,4,36,20,0,0,6,7,0,0,0,0,49,3,7,17,High Risk
CW-0367,Individual Health,500000,7500,0.015,12,48,20,0,1,0,9,1,1,0,0,37,0,4,62,Moderate Coverage
CW-0368,Senior Citizen,500000,30900,0.0618,12,12,0,0,0,0,14,1,0,0,0,36,1,2,94,Strong Coverage
CW-0369,Family Floater,5000000,156800,0.0314,1,12,15,0,0,3,12,1,0,0,0,88,0,3,83,Strong Coverage
CW-0370,Family Floater,700000,8400,0.012,24,48,30,1,0,3,5,1,1,1,1,94,3,6,27,High Risk
CW-0371,Individual Health,2500000,36000,0.0144,24,0,20,1,0,1,17,1,0,1,0,95,0,5,65,Moderate Coverage
CW-0372,Group Health,2500000,28000,0.0112,3,0,0,1,0,0,14,1,1,0,0,95,6,2,85,Strong Coverage
CW-0373,Family Floater,300000,9200,0.0307,2,48,0,1,0,0,8,1,1,0,0,41,1,3,83,Strong Coverage
CW-0374,Senior Citizen,500000,18800,0.0376,2,0,10,1,0,0,12,1,0,0,0,80,4,4,64,Moderate Coverage
CW-0375,Individual Health,1500000,25200,0.0168,24,36,0,0,1,0,10,0,0,0,0,49,1,6,44,Caution Required
CW-0376,Individual Health,700000,22900,0.0327,24,24,0,0,0,4,22,1,0,1,0,50,1,5,66,Moderate Coverage
CW-0377,Senior Citizen,1500000,26000,0.0173,2,0,0,0,1,0,18,0,1,1,0,100,2,3,82,Strong Coverage
CW-0378,Individual Health,1500000,10900,0.0073,4,0,15,0,0,0,9,1,1,1,0,70,5,2,81,Strong Coverage
CW-0379,Family Floater,1000000,20600,0.0206,1,0,20,0,0,3,12,1,0,1,0,62,5,4,59,Moderate Coverage
CW-0380,Family Floater,700000,13100,0.0187,1,12,20,0,0,1,16,1,0,1,1,52,2,4,63,Moderate Coverage
CW-0381,Senior Citizen,300000,4500,0.015,24,0,0,0,0,2,17,1,1,0,0,43,4,4,81,Moderate Coverage
CW-0382,Top-up Health,2000000,22400,0.0112,24,0,0,0,0,0,15,1,1,1,0,56,0,3,92,Strong Coverage
CW-0383,Family Floater,2500000,23900,0.0096,12,36,0,0,0,0,15,1,1,0,0,100,1,2,93,Strong Coverage
CW-0384,Individual Health,1500000,30300,0.0202,3,12,0,0,0,1,3,0,1,0,0,47,3,3,83,Strong Coverage
CW-0385,Critical Illness,5000000,173900,0.0348,3,24,10,0,0,0,20,1,0,1,0,50,1,4,71,Moderate Coverage
CW-0386,Group Health,5000000,96700,0.0193,0,12,5,0,0,3,18,1,1,1,0,97,3,3,93,Strong Coverage
CW-0387,Family Floater,5000000,99000,0.0198,2,48,0,1,0,1,14,0,1,1,0,51,4,5,50,Caution Required
CW-0388,Group Health,300000,8500,0.0283,6,36,0,1,0,1,10,1,1,0,0,43,4,4,67,Moderate Coverage
CW-0389,Family Floater,300000,6500,0.0217,0,36,10,0,0,1,3,0,1,0,0,84,1,3,65,Moderate Coverage
CW-0390,Group Health,500000,13000,0.026,3,24,0,0,0,0,12,1,1,1,0,44,4,2,92,Strong Coverage
CW-0391,Individual Health,1500000,11100,0.0074,48,36,20,0,0,3,21,1,1,1,0,95,2,5,53,Caution Required
CW-0392,Critical Illness,1500000,37100,0.0247,4,36,10,1,0,0,19,1,0,1,1,58,2,6,49,Caution Required
CW-0393,Senior Citizen,5000000,123900,0.0248,36,48,20,0,0,3,4,1,1,1,0,73,4,5,46,Caution Required
CW-0394,Family Floater,500000,12200,0.0244,12,24,20,0,0,2,15,1,1,1,0,74,2,2,81,Strong Coverage
CW-0395,Top-up Health,2500000,61900,0.0248,0,12,0,1,0,3,20,1,0,0,0,37,0,5,71,Moderate Coverage
CW-0396,Family Floater,1500000,46700,0.0311,12,24,10,0,0,4,7,1,1,1,1,67,2,2,84,Strong Coverage
CW-0397,Individual Health,500000,14200,0.0284,6,24,20,0,0,3,16,1,1,1,0,87,1,3,77,Moderate Coverage
CW-0398,Individual Health,2000000,52600,0.0263,1,24,5,0,0,0,7,1,0,0,1,39,4,3,82,Strong Coverage
CW-0399,Critical Illness,300000,9400,0.0313,3,24,5,1,0,1,6,1,1,0,1,85,5,2,86,Strong Coverage
CW-0400,Family Floater,1000000,14600,0.0146,2,36,10,0,0,1,4,1,1,0,0,87,5,3,71,Moderate Coverage
CW-0401,Senior Citizen,500000,26900,0.0538,4,48,0,0,0,2,13,1,1,1,0,91,3,2,80,Strong Coverage
CW-0402,Individual Health,1000000,24200,0.0242,6,48,0,1,0,6,7,0,0,0,0,96,4,6,35,High Risk
CW-0403,Individual Health,2000000,58400,0.0292,3,0,0,1,0,5,21,1,0,0,0,64,5,5,67,Moderate Coverage
CW-0404,Individual Health,700000,5200,0.0074,48,36,10,1,0,0,21,1,0,0,0,93,4,7,42,Caution Required
CW-0405,Individual Health,1000000,11500,0.0115,4,24,15,0,0,0,9,0,1,0,0,87,3,3,59,Moderate Coverage
CW-0406,Family Floater,1500000,19200,0.0128,24,12,0,0,0,0,7,0,0,1,1,84,3,4,70,Moderate Coverage
CW-0407,Individual Health,500000,11100,0.0222,0,24,25,0,0,2,22,0,0,1,0,83,1,4,47,Caution Required
CW-0408,Senior Citizen,700000,42900,0.0613,36,0,10,1,0,5,17,1,1,0,0,49,1,6,63,Moderate Coverage
CW-0409,Family Floater,1500000,41500,0.0277,12,24,25,1,0,5,19,1,0,1,0,54,2,6,45,Caution Required
CW-0410,Senior Citizen,5000000,67900,0.0136,2,0,0,1,0,3,16,1,0,0,0,97,2,4,74,Moderate Coverage
CW-0411,Group Health,700000,6700,0.0096,1,12,20,1,1,1,11,1,1,1,0,35,2,4,72,Moderate Coverage
CW-0412,Individual Health,500000,6600,0.0132,24,0,20,1,0,2,15,1,0,1,0,38,0,6,58,Moderate Coverage
CW-0413,Family Floater,1500000,34800,0.0232,0,24,30,0,0,0,21,1,0,0,0,42,3,5,43,Caution Required
CW-0414,Top-up Health,2500000,21700,0.0087,4,12,0,0,0,0,9,1,0,0,0,54,0,2,98,Strong Coverage
CW-0415,Group Health,1500000,48300,0.0322,48,12,0,1,0,0,17,0,1,1,0,89,4,5,66,Moderate Coverage
CW-0416,Individual Health,2500000,21700,0.0087,36,24,30,0,0,3,18,1,1,1,0,45,5,6,36,High Risk
CW-0417,Family Floater,700000,18100,0.0259,4,12,5,1,1,0,4,1,1,1,0,67,1,2,100,Strong Coverage
CW-0418,Individual Health,300000,2800,0.0093,24,12,15,0,1,1,12,1,0,0,0,68,1,4,67,Moderate Coverage
CW-0419,Individual Health,500000,13800,0.0276,48,24,20,1,0,0,6,1,1,0,0,97,1,3,77,Moderate Coverage
CW-0420,Family Floater,2500000,73300,0.0293,1,12,0,1,0,3,9,0,1,0,0,90,4,4,72,Moderate Coverage
CW-0421,Individual Health,1500000,42500,0.0283,2,36,0,1,0,3,17,0,1,0,0,60,1,5,61,Moderate Coverage
CW-0422,Individual Health,300000,2700,0.009,12,36,20,0,0,2,12,1,1,0,0,97,1,2,71,Moderate Coverage
CW-0423,Family Floater,2500000,56800,0.0227,36,0,0,0,0,0,22,0,1,0,1,71,3,4,73,Moderate Coverage
CW-0424,Family Floater,1000000,20700,0.0207,48,24,25,0,0,1,12,0,1,1,0,81,3,4,44,Caution Required
CW-0425,Senior Citizen,1500000,70300,0.0469,1,36,0,1,0,0,16,0,1,1,0,37,1,5,59,Moderate Coverage
CW-0426,Family Floater,700000,7700,0.011,36,0,20,1,1,0,20,1,1,1,0,40,3,7,48,Caution Required
CW-0427,Individual Health,700000,21500,0.0307,36,48,10,0,0,1,17,0,0,0,0,48,4,8,14,High Risk
CW-0428,Family Floater,700000,17000,0.0243,3,24,0,1,0,1,6,1,1,0,1,60,2,1,100,Strong Coverage
CW-0429,Critical Illness,300000,4700,0.0157,24,24,0,1,0,3,16,1,1,1,0,88,3,5,67,Moderate Coverage
CW-0430,Group Health,2500000,81600,0.0326,24,48,15,0,1,0,3,0,1,1,0,86,6,6,26,High Risk
CW-0431,Family Floater,2500000,70000,0.028,2,48,0,0,0,2,19,0,1,0,0,73,3,4,59,Moderate Coverage
CW-0432,Top-up Health,300000,9000,0.03,36,48,25,0,0,0,20,0,1,0,0,86,3,6,24,High Risk
CW-0433,Individual Health,2000000,34600,0.0173,2,48,30,1,1,2,19,1,1,1,0,68,1,5,40,Caution Required
CW-0434,Critical Illness,500000,16300,0.0326,6,24,10,0,1,2,6,1,1,1,0,65,4,3,81,Strong Coverage
CW-0435,Family Floater,1000000,16200,0.0162,4,48,10,0,0,0,13,1,1,0,0,53,3,4,65,Moderate Coverage
CW-0436,Individual Health,300000,5500,0.0183,2,36,0,1,0,1,20,1,1,0,0,89,6,4,69,Moderate Coverage
CW-0437,Critical Illness,2500000,89700,0.0359,2,48,0,0,1,3,19,1,1,0,0,82,5,5,54,Caution Required
CW-0438,Senior Citizen,2500000,41400,0.0166,6,48,0,0,1,0,14,1,1,0,0,88,0,2,88,Strong Coverage
CW-0439,Group Health,1000000,11300,0.0113,24,0,0,1,0,1,21,1,1,1,0,51,3,5,77,Moderate Coverage
CW-0440,Senior Citizen,5000000,228100,0.0456,2,24,0,0,0,1,15,1,1,0,0,70,3,2,88,Strong Coverage
CW-0441,Senior Citizen,1500000,60100,0.0401,1,48,0,0,0,3,21,1,0,0,1,58,6,6,43,Caution Required
CW-0442,Critical Illness,1000000,36100,0.0361,48,36,0,0,0,2,18,0,1,0,0,75,1,4,63,Moderate Coverage
CW-0443,Individual Health,500000,10900,0.0218,4,12,0,0,1,6,8,1,0,1,0,73,1,3,87,Strong Coverage
CW-0444,Individual Health,2000000,27000,0.0135,1,0,0,0,0,1,19,1,1,1,0,87,0,1,100,Strong Coverage
CW-0445,Family Floater,1000000,32500,0.0325,0,24,5,0,1,3,7,1,1,1,0,61,3,3,81,Strong Coverage
CW-0446,Family Floater,700000,20100,0.0287,36,36,30,0,1,4,22,1,0,1,0,96,1,7,25,High Risk
CW-0447,Group Health,2500000,87400,0.035,3,48,20,1,1,2,5,1,1,1,1,70,4,5,43,Caution Required
CW-0448,Senior Citizen,2000000,113900,0.057,6,24,30,0,0,2,13,1,1,0,1,52,3,3,54,Caution Required
CW-0449,Senior Citizen,300000,17400,0.058,2,36,5,0,0,1,5,0,1,1,1,91,3,3,70,Moderate Coverage
CW-0450,Top-up Health,2500000,75000,0.03,6,36,0,0,0,0,17,1,1,1,0,70,3,3,80,Strong Coverage
CW-0451,Individual Health,1500000,44200,0.0295,3,12,30,0,1,1,22,1,1,0,0,70,2,3,67,Moderate Coverage
CW-0452,Individual Health,1000000,25100,0.0251,48,48,5,1,1,0,11,0,0,0,0,70,1,6,49,Caution Required
CW-0453,Individual Health,1500000,38600,0.0257,24,0,25,0,0,0,13,1,0,0,0,94,2,3,68,Moderate Coverage
CW-0454,Critical Illness,1000000,8800,0.0088,12,48,0,1,1,0,21,0,0,1,0,44,5,8,20,High Risk
CW-0455,Individual Health,1500000,11700,0.0078,1,0,0,0,0,2,13,0,1,0,0,41,4,3,79,Strong Coverage
CW-0456,Critical Illness,500000,17100,0.0342,48,36,15,0,0,0,4,0,1,0,0,51,0,5,54,Caution Required
CW-0457,Individual Health,2500000,19800,0.0079,0,48,0,0,0,2,16,1,1,0,1,84,2,2,86,Strong Coverage
CW-0458,Group Health,500000,7900,0.0158,0,36,5,0,1,0,5,1,0,0,1,100,1,3,80,Strong Coverage
CW-0459,Family Floater,5000000,57000,0.0114,2,0,0,1,0,6,14,1,0,0,1,74,2,3,84,Strong Coverage
CW-0460,Family Floater,300000,6300,0.021,2,0,0,0,0,0,14,1,1,0,0,78,1,0,100,Strong Coverage
CW-0461,Senior Citizen,5000000,210500,0.0421,6,48,5,1,0,0,6,1,0,1,0,35,2,4,64,Moderate Coverage
CW-0462,Family Floater,1000000,12900,0.0129,6,36,0,1,0,1,5,1,1,1,0,81,0,2,88,Strong Coverage
CW-0463,Individual Health,1500000,16600,0.0111,4,12,0,0,1,0,11,0,1,0,0,49,1,3,80,Strong Coverage
CW-0464,Family Floater,1000000,16700,0.0167,6,12,25,0,0,4,5,1,0,1,1,83,3,4,56,Caution Required
CW-0465,Family Floater,1000000,32700,0.0327,48,48,0,0,0,0,4,0,1,1,0,97,1,3,66,Moderate Coverage
CW-0466,Critical Illness,500000,6500,0.013,12,48,0,0,1,3,19,0,0,0,0,86,2,6,46,Caution Required
CW-0467,Senior Citizen,1000000,22300,0.0223,3,36,20,0,0,4,21,1,0,0,0,45,1,6,46,Caution Required
CW-0468,Family Floater,300000,5800,0.0193,48,24,0,0,0,3,13,1,1,1,0,44,1,3,84,Strong Coverage
CW-0469,Family Floater,500000,14400,0.0288,3,0,0,0,0,0,13,1,0,0,0,59,3,3,80,Strong Coverage
CW-0470,Top-up Health,1500000,9400,0.0063,4,24,20,0,0,1,21,0,1,0,0,54,4,5,41,Caution Required
CW-0471,Individual Health,1000000,19800,0.0198,36,48,15,0,0,1,5,1,1,0,0,61,2,3,71,Moderate Coverage
CW-0472,Individual Health,700000,15900,0.0227,2,24,25,1,0,4,13,1,1,0,0,73,1,3,63,Moderate Coverage
CW-0473,Family Floater,300000,9800,0.0327,2,24,5,0,0,2,15,0,1,1,0,59,2,3,76,Moderate Coverage
CW-0474,Family Floater,5000000,122700,0.0245,4,0,0,0,1,4,22,1,1,1,0,71,1,3,91,Strong Coverage
CW-0475,Senior Citizen,500000,17300,0.0346,6,48,0,1,0,1,6,1,1,0,0,61,0,2,87,Strong Coverage
CW-0476,Family Floater,5000000,53000,0.0106,48,24,10,0,0,0,3,0,1,0,0,66,2,3,75,Moderate Coverage
CW-0477,Group Health,5000000,97100,0.0194,0,0,0,0,0,3,12,1,0,0,0,57,4,4,75,Moderate Coverage
CW-0478,Family Floater,700000,18400,0.0263,1,36,10,1,0,0,20,1,0,0,0,62,5,6,46,Caution Required
CW-0479,Top-up Health,500000,17400,0.0348,1,0,5,0,0,0,9,1,1,1,0,94,1,0,100,Strong Coverage
CW-0480,Group Health,2500000,17700,0.0071,4,0,10,1,0,1,17,1,1,1,0,52,2,4,77,Moderate Coverage
CW-0481,Group Health,700000,21200,0.0303,48,0,0,1,0,0,3,0,1,1,1,39,4,5,65,Moderate Coverage
CW-0482,Individual Health,300000,9100,0.0303,36,0,0,1,1,0,15,0,0,0,0,46,0,7,46,Caution Required
CW-0483,Top-up Health,2000000,59600,0.0298,1,12,30,1,0,2,8,1,1,0,0,59,2,3,68,Moderate Coverage
CW-0484,Family Floater,2500000,23800,0.0095,3,0,0,1,0,0,15,1,1,0,0,82,0,2,99,Strong Coverage
CW-0485,Family Floater,5000000,172500,0.0345,1,48,15,0,0,0,6,1,0,0,0,52,1,4,63,Moderate Coverage
CW-0486,Critical Illness,2000000,82500,0.0413,24,0,0,0,0,1,10,1,0,1,1,50,1,3,88,Strong Coverage
CW-0487,Critical Illness,500000,4600,0.0092,6,36,0,1,1,0,22,0,1,0,0,75,3,6,44,Caution Required
CW-0488,Family Floater,2500000,62000,0.0248,4,0,0,0,0,0,4,0,1,1,0,63,2,1,95,Strong Coverage
CW-0489,Family Floater,700000,13200,0.0189,0,0,20,1,1,2,7,0,1,1,0,61,1,4,56,Caution Required
CW-0490,Family Floater,5000000,75200,0.015,3,12,0,0,0,2,9,1,0,1,0,85,1,1,100,Strong Coverage
CW-0491,Family Floater,2500000,70100,0.028,24,0,15,0,1,5,12,1,1,0,0,94,1,4,74,Moderate Coverage
CW-0492,Family Floater,5000000,40400,0.0081,2,36,0,0,1,4,14,1,0,0,0,82,1,4,71,Moderate Coverage
CW-0493,Senior Citizen,500000,16100,0.0322,0,0,0,0,1,1,11,0,0,0,0,82,3,4,71,Moderate Coverage
CW-0494,Family Floater,2500000,68300,0.0273,3,36,0,0,0,2,7,1,1,0,0,55,0,2,89,Strong Coverage
CW-0495,Senior Citizen,2500000,78900,0.0316,48,0,5,1,0,4,11,0,1,0,0,74,3,5,60,Moderate Coverage
CW-0496,Individual Health,2000000,59200,0.0296,4,12,25,0,0,6,18,1,1,0,0,71,3,4,58,Moderate Coverage
CW-0497,Individual Health,700000,18500,0.0264,3,36,0,0,0,4,8,1,0,0,0,87,2,3,81,Strong Coverage
CW-0498,Individual Health,700000,5800,0.0083,1,36,0,1,1,0,18,0,1,1,0,35,3,7,37,High Risk
CW-0499,Individual Health,300000,5100,0.017,36,24,25,0,0,1,14,0,1,0,0,81,3,4,48,Caution Required
CW-0500,Senior Citizen,2000000,112700,0.0563,1,0,0,0,0,4,7,1,1,0,0,66,1,1,100,Strong Coverage
